filename,risk_level,study_type,region,country
"1-2, 49, pages 91-96, 2020 apr 20 -- Springer Netherlands; Springer-Verlag; -- 9781112502002 -- a31f9d49076da152bf69c00fd6a83e08 -- Anna’s Archive.txt",high,other,north america,canada
10.31681-jetol.907757-1677427.txt,high,modeling,global,indonesia
10408363_2020_1783198 -- bbf79a49af9683366a5786835d8f9409 -- Anna’s Archive.txt,high,modeling,asia,china
105161.txt,high,diagnostic,asia,china
1368430220982068 -- cea51842e7b860961f47709dee091a54 -- Anna’s Archive.txt,high,diagnostic,asia,china
1626-5013-1-PB.txt,high,vaccine,global,indonesia
2020.05.22.111294v3.full.txt,high,modeling,asia,china
250_271.txt,high,modeling,asia,china
A Worldwide Journey through Distance Education.txt,high,modeling,global,poland
A look into the future of the COVID-19 pandemic in Europe.txt,high,modeling,global,austria
APA-109-1323.txt,high,modeling,global,malaysia
A_Literature_Review_of_E_Learning_and_E.txt,high,other,asia,china
COVID-19 pandemic   an African perspective.txt,high,modeling,africa,south africa
Children and Covid-19 Pandemic.txt,high,modeling,asia,japan
Coronavirus-Disease-COVID-19-–-Statistics-and-Research.txt,high,modeling,asia,china
Covid19Pandemic.txt,high,vaccine,asia,india
Covid19pandemicandonlinelearningthechallengesandopportunities.txt,high,modeling,asia,china
Developing_a_web_based_application_for_s.txt,high,other,global,indonesia
ED606496.txt,high,other,global,pakistan
EJ1263557.txt,high,other,asia,china
EJ1344460.txt,high,vaccine,global,kuwait
ENGver187Heitzman_PsychiatrPol2020v54i2.txt,high,diagnostic,asia,china
EconomicImpactofCovid-19Pandemic.txt,high,modeling,asia,china
Effect of COVID-19 on Dental Education and Practice in France.txt,high,other,europe,france
Eur J Clin Investigation - 2022 - Ioannidis - The end of the COVID‐19 pandemic.txt,high,modeling,global,estonia
IJCISIM_15.txt,high,modeling,asia,china
INM-29-315.txt,high,other,asia,china
Impact-Of-Covid-19-Pandemic-On-Education-System.txt,medium,modeling,asia,india
ImpactofCOVID19onhighereducation_Shazia.txt,high,modeling,asia,china
Internet Technology Letters - 2020 - Pranggono - COVID‐19 pandemic cybersecurity issues.txt,high,modeling,north america,canada
OMJ-35-02-2000045.txt,high,modeling,global,global
OVE-INFOS-42-ENGLISH.txt,high,other,europe,france
PAHOEIHISCOVID-19200007_eng.txt,high,modeling,north america,canada
PIIS014067362202092X.txt,high,modeling,north america,canada
PJMS-36-S6.txt,high,vaccine,global,pakistan
Promoting Physical Activity during School Closures.txt,high,modeling,europe,italy
Religion and the COVID-19 pandemic.txt,high,modeling,global,global
TBED-9999-0.txt,high,modeling,asia,china
TheImpactoftheCOVID19PandemiconFirmPerformance.txt,high,modeling,asia,china
The_COVID_19_Pandemic.txt,high,modeling,global,indonesia
ThefutureHighEducationDistanceLearninginCanadatheUnitedStatesandFrance.txt,high,modeling,europe,france
acm-publish-ahead-of-print-10.1097.acm.0000000000003402.txt,high,modeling,global,global
bjs11627.txt,high,other,europe,spain
bmj.m1557.full.txt,high,modeling,asia,china
bmj_m1328 -- 331d1414ed0818e5c082e17220dafec4 -- Anna’s Archive.txt,high,modeling,asia,china
challenges-in-learning-english-online-during-the-covid-19-2lwmq0r2.txt,high,modeling,global,indonesia
coc-publish-ahead-of-print-10.1097.coc.0000000000000712.txt,high,diagnostic,asia,china
da-silva-et-al-2022-two-years-into-the-covid-19-pandemic-lessons-learned.txt,high,modeling,south america,brazil
div-class-title-the-consequences-of-the-covid-19-pandemic-on-mental-health-and-implications-for-clinical-practice-div.txt,high,other,europe,france
fcimb-11-596201.txt,high,modeling,asia,china
foods9040523 -- b13c7b6c9eb5d3c5dbdc5a9e9ebe0edb -- Anna’s Archive.txt,high,modeling,asia,china
graa036.txt,high,modeling,global,pakistan
hcaa110.txt,high,other,asia,china
j-phrp-2021-0100.txt,high,modeling,asia,india
j_coi_2021_07_003 -- 5f87e346ddff9b197f91a65aa37efb42 -- Anna’s Archive.txt,high,diagnostic,africa,south africa
j_tmaid_2020_101607 -- 0c7d9d815a534e1b91a312ddd9770650 -- Anna’s Archive.txt,high,other,asia,china
jama_2020_5788 -- 1b85190fe6da83baabf4c9219c6eac03 -- Anna’s Archive.txt,high,modeling,asia,china
jech-2020-214401 -- 17ffad0beb7b35822d08439c1e3e3172 -- Anna’s Archive.txt,high,other,europe,spain
journal.pone.0263001.txt,high,modeling,europe,italy
le-grange-2020-could-the-covid-19-pandemic-accelerate-the-uberfication-of-the-university.txt,high,modeling,africa,south africa
main.txt,high,modeling,asia,china
main10.txt,high,modeling,asia,china
main11.txt,high,modeling,global,netherlands
main12.txt,high,modeling,europe,italy
main13.txt,high,other,asia,china
main14.txt,high,other,asia,china
main2.txt,high,modeling,north america,united states
main3.txt,high,modeling,asia,china
main4.txt,high,modeling,asia,china
main5.txt,medium,other,global,singapore
main6.txt,high,modeling,asia,india
main7.txt,medium,vaccine,asia,india
main8.txt,high,modeling,asia,india
mental_health_and_the_covid19_pandemic.txt,high,modeling,global,ireland
meta_0.txt,high,other,global,saudi arabia
meta_1.txt,low,modeling,global,global
meta_10.txt,low,other,global,global
meta_100.txt,low,other,global,global
meta_101.txt,low,other,global,global
meta_102.txt,low,diagnostic,global,global
meta_103.txt,low,vaccine,global,global
meta_104.txt,low,other,global,global
meta_105.txt,high,modeling,global,global
meta_106.txt,low,modeling,global,global
meta_107.txt,medium,modeling,global,global
meta_108.txt,medium,other,global,global
meta_109.txt,medium,other,global,global
meta_11.txt,low,other,global,global
meta_110.txt,medium,other,global,global
meta_111.txt,high,modeling,global,global
meta_112.txt,low,modeling,global,global
meta_113.txt,low,other,global,global
meta_114.txt,medium,vaccine,global,global
meta_115.txt,low,diagnostic,global,global
meta_116.txt,low,other,global,global
meta_117.txt,low,other,global,global
meta_118.txt,high,other,global,global
meta_119.txt,low,other,global,global
meta_12.txt,high,other,global,global
meta_120.txt,low,vaccine,global,global
meta_121.txt,high,modeling,global,global
meta_122.txt,low,other,global,global
meta_123.txt,low,other,global,global
meta_124.txt,low,modeling,global,global
meta_125.txt,low,other,global,global
meta_126.txt,high,modeling,global,global
meta_127.txt,high,other,global,global
meta_128.txt,high,other,global,global
meta_129.txt,high,other,global,global
meta_13.txt,medium,other,global,global
meta_130.txt,medium,other,global,global
meta_131.txt,high,other,global,global
meta_132.txt,high,diagnostic,global,global
meta_133.txt,medium,other,global,global
meta_134.txt,low,modeling,global,global
meta_135.txt,medium,diagnostic,global,global
meta_136.txt,low,modeling,global,global
meta_137.txt,medium,modeling,global,global
meta_138.txt,high,other,global,global
meta_139.txt,low,other,global,global
meta_14.txt,low,other,global,global
meta_140.txt,medium,modeling,south america,brazil
meta_141.txt,low,modeling,global,global
meta_142.txt,high,modeling,global,global
meta_143.txt,low,modeling,global,global
meta_144.txt,medium,other,europe,italy
meta_145.txt,low,vaccine,global,global
meta_146.txt,high,other,global,global
meta_147.txt,low,other,global,global
meta_148.txt,high,modeling,global,global
meta_149.txt,low,diagnostic,global,global
meta_15.txt,medium,diagnostic,global,global
meta_150.txt,medium,modeling,global,global
meta_151.txt,medium,other,global,hong kong
meta_152.txt,low,modeling,global,global
meta_153.txt,low,diagnostic,global,global
meta_154.txt,low,vaccine,global,global
meta_155.txt,medium,modeling,global,global
meta_156.txt,high,modeling,australia,australia
meta_157.txt,high,other,global,global
meta_158.txt,medium,other,global,global
meta_159.txt,medium,modeling,global,global
meta_16.txt,medium,other,global,global
meta_160.txt,high,other,global,global
meta_161.txt,medium,other,global,global
meta_162.txt,medium,other,global,global
meta_163.txt,low,other,global,global
meta_164.txt,medium,other,global,global
meta_165.txt,high,other,north america,canada
meta_166.txt,low,other,global,global
meta_167.txt,high,other,global,global
meta_168.txt,low,modeling,global,global
meta_169.txt,low,modeling,global,global
meta_17.txt,medium,modeling,global,global
meta_170.txt,low,modeling,global,global
meta_171.txt,high,vaccine,global,hong kong
meta_172.txt,medium,other,global,global
meta_173.txt,high,diagnostic,global,global
meta_174.txt,low,other,global,global
meta_175.txt,medium,modeling,north america,canada
meta_176.txt,low,other,global,uganda
meta_177.txt,medium,other,global,indonesia
meta_178.txt,medium,diagnostic,global,global
meta_179.txt,low,other,global,global
meta_18.txt,low,other,global,global
meta_180.txt,low,modeling,global,global
meta_181.txt,high,other,global,global
meta_182.txt,high,other,global,global
meta_183.txt,high,other,global,global
meta_184.txt,medium,other,global,global
meta_185.txt,medium,other,global,global
meta_186.txt,low,other,global,global
meta_187.txt,low,modeling,global,global
meta_188.txt,medium,diagnostic,asia,china
meta_189.txt,low,other,global,global
meta_19.txt,medium,other,global,global
meta_190.txt,low,vaccine,global,global
meta_191.txt,low,other,global,global
meta_192.txt,low,other,global,global
meta_193.txt,medium,other,global,global
meta_194.txt,medium,other,australia,australia
meta_195.txt,medium,other,global,global
meta_196.txt,low,other,global,global
meta_197.txt,low,other,global,global
meta_198.txt,low,diagnostic,global,global
meta_199.txt,low,modeling,global,global
meta_2.txt,low,other,global,global
meta_20.txt,low,other,australia,australia
meta_200.txt,low,diagnostic,global,global
meta_201.txt,medium,modeling,global,global
meta_202.txt,medium,other,global,global
meta_203.txt,high,other,global,global
meta_204.txt,low,vaccine,global,global
meta_205.txt,medium,other,north america,canada
meta_206.txt,high,other,global,global
meta_207.txt,low,other,global,global
meta_208.txt,low,other,australia,australia
meta_209.txt,low,modeling,global,global
meta_21.txt,low,modeling,global,global
meta_210.txt,high,other,global,global
meta_211.txt,high,modeling,global,global
meta_212.txt,medium,other,global,global
meta_213.txt,medium,other,asia,china
meta_214.txt,medium,other,global,global
meta_215.txt,low,other,global,thailand
meta_216.txt,low,other,global,global
meta_217.txt,medium,other,global,global
meta_218.txt,low,other,global,global
meta_219.txt,low,other,global,global
meta_22.txt,low,diagnostic,global,global
meta_220.txt,high,other,asia,india
meta_221.txt,low,modeling,asia,china
meta_222.txt,low,other,global,global
meta_223.txt,low,other,global,global
meta_224.txt,medium,modeling,global,global
meta_225.txt,low,other,global,global
meta_226.txt,low,diagnostic,global,global
meta_227.txt,medium,vaccine,global,global
meta_228.txt,medium,other,global,global
meta_229.txt,medium,other,global,netherlands
meta_23.txt,low,modeling,global,global
meta_230.txt,medium,other,europe,france
meta_231.txt,low,modeling,global,global
meta_232.txt,low,diagnostic,global,global
meta_233.txt,low,other,global,global
meta_234.txt,low,other,global,global
meta_235.txt,low,other,global,global
meta_236.txt,medium,diagnostic,global,global
meta_237.txt,high,other,global,global
meta_238.txt,medium,modeling,global,global
meta_239.txt,low,other,australia,australia
meta_24.txt,medium,other,global,global
meta_240.txt,medium,other,global,global
meta_241.txt,high,other,europe,spain
meta_242.txt,medium,other,global,global
meta_243.txt,high,other,global,global
meta_244.txt,medium,modeling,global,global
meta_245.txt,high,modeling,global,global
meta_246.txt,medium,other,global,global
meta_247.txt,medium,diagnostic,global,global
meta_248.txt,medium,modeling,global,global
meta_249.txt,high,other,global,global
meta_25.txt,low,modeling,global,global
meta_250.txt,low,modeling,global,global
meta_251.txt,high,diagnostic,global,global
meta_252.txt,high,other,global,global
meta_253.txt,high,vaccine,asia,china
meta_254.txt,low,other,global,global
meta_255.txt,high,other,global,global
meta_256.txt,high,modeling,global,global
meta_257.txt,high,diagnostic,global,global
meta_258.txt,high,vaccine,global,global
meta_259.txt,medium,other,global,global
meta_26.txt,medium,modeling,global,global
meta_260.txt,low,other,global,global
meta_261.txt,high,other,global,global
meta_262.txt,high,other,global,global
meta_263.txt,high,other,global,global
meta_264.txt,low,other,global,global
meta_265.txt,medium,other,global,global
meta_266.txt,medium,other,asia,china
meta_267.txt,high,other,global,global
meta_268.txt,high,modeling,global,global
meta_269.txt,low,modeling,global,global
meta_27.txt,low,modeling,global,global
meta_270.txt,low,other,global,global
meta_271.txt,low,other,global,global
meta_272.txt,medium,other,global,cambodia
meta_273.txt,low,other,global,global
meta_274.txt,high,other,global,global
meta_275.txt,high,other,global,global
meta_276.txt,high,other,global,global
meta_277.txt,medium,vaccine,global,hong kong
meta_278.txt,medium,other,global,global
meta_279.txt,low,other,global,global
meta_28.txt,low,other,global,global
meta_280.txt,medium,other,global,global
meta_281.txt,low,vaccine,global,global
meta_282.txt,low,other,global,global
meta_283.txt,low,modeling,global,global
meta_284.txt,low,modeling,global,global
meta_285.txt,medium,modeling,global,global
meta_286.txt,low,modeling,global,global
meta_287.txt,high,other,global,global
meta_288.txt,medium,other,global,thailand
meta_289.txt,low,modeling,asia,china
meta_29.txt,low,diagnostic,global,global
meta_290.txt,low,diagnostic,global,global
meta_291.txt,medium,other,global,global
meta_292.txt,medium,other,global,global
meta_293.txt,high,other,global,global
meta_294.txt,high,diagnostic,global,global
meta_295.txt,low,diagnostic,global,global
meta_296.txt,low,diagnostic,global,global
meta_297.txt,high,other,global,malaysia
meta_298.txt,medium,other,global,global
meta_299.txt,medium,other,global,poland
meta_3.txt,low,other,global,global
meta_30.txt,low,other,global,global
meta_300.txt,medium,other,global,global
meta_301.txt,low,modeling,europe,france
meta_302.txt,low,diagnostic,global,global
meta_303.txt,high,other,global,global
meta_304.txt,high,diagnostic,north america,mexico
meta_305.txt,low,other,global,global
meta_306.txt,low,other,global,global
meta_307.txt,low,other,global,global
meta_308.txt,low,other,global,global
meta_309.txt,high,other,north america,mexico
meta_31.txt,high,vaccine,australia,australia
meta_310.txt,medium,modeling,global,global
meta_311.txt,medium,modeling,global,global
meta_312.txt,low,modeling,global,global
meta_313.txt,low,other,global,global
meta_314.txt,low,other,global,global
meta_315.txt,low,other,global,global
meta_316.txt,medium,diagnostic,global,global
meta_317.txt,low,other,global,global
meta_318.txt,high,vaccine,global,global
meta_319.txt,medium,modeling,europe,germany
meta_32.txt,low,modeling,global,global
meta_320.txt,low,other,europe,germany
meta_321.txt,low,other,global,global
meta_322.txt,low,other,global,global
meta_323.txt,low,other,global,global
meta_324.txt,medium,modeling,global,global
meta_325.txt,high,modeling,global,global
meta_326.txt,medium,other,global,global
meta_327.txt,high,other,global,global
meta_328.txt,low,other,global,global
meta_329.txt,low,other,global,global
meta_33.txt,low,other,global,global
meta_330.txt,medium,diagnostic,global,global
meta_331.txt,high,modeling,global,global
meta_332.txt,low,other,global,global
meta_333.txt,high,other,global,global
meta_334.txt,low,modeling,global,global
meta_335.txt,medium,other,global,global
meta_336.txt,high,vaccine,global,global
meta_337.txt,low,other,global,global
meta_338.txt,low,other,global,global
meta_339.txt,high,diagnostic,global,global
meta_34.txt,low,other,global,global
meta_340.txt,high,modeling,global,global
meta_341.txt,low,other,global,global
meta_342.txt,medium,other,global,global
meta_343.txt,medium,other,global,global
meta_344.txt,high,modeling,global,global
meta_345.txt,medium,other,global,global
meta_346.txt,high,other,global,global
meta_347.txt,medium,diagnostic,global,finland
meta_348.txt,medium,other,global,global
meta_349.txt,low,modeling,global,global
meta_35.txt,high,modeling,global,global
meta_350.txt,medium,modeling,global,thailand
meta_351.txt,high,modeling,global,global
meta_352.txt,high,diagnostic,global,global
meta_353.txt,medium,other,global,hungary
meta_354.txt,medium,modeling,global,global
meta_355.txt,high,other,global,global
meta_356.txt,high,vaccine,global,global
meta_357.txt,medium,other,asia,india
meta_358.txt,high,other,global,global
meta_359.txt,medium,modeling,europe,germany
meta_36.txt,high,modeling,global,global
meta_360.txt,low,other,global,global
meta_361.txt,low,other,global,global
meta_362.txt,low,diagnostic,global,global
meta_363.txt,high,other,north america,mexico
meta_364.txt,low,other,asia,india
meta_365.txt,high,other,global,global
meta_366.txt,low,modeling,global,global
meta_367.txt,medium,modeling,global,global
meta_368.txt,medium,other,global,global
meta_369.txt,medium,vaccine,global,global
meta_37.txt,low,other,global,global
meta_370.txt,low,other,global,global
meta_371.txt,medium,other,global,global
meta_372.txt,low,vaccine,global,global
meta_373.txt,low,other,global,global
meta_374.txt,high,vaccine,global,global
meta_375.txt,low,modeling,global,global
meta_376.txt,low,other,global,global
meta_377.txt,low,modeling,global,global
meta_378.txt,medium,other,north america,united states
meta_379.txt,medium,vaccine,global,global
meta_38.txt,low,modeling,global,global
meta_380.txt,low,other,asia,china
meta_381.txt,high,modeling,global,global
meta_382.txt,low,other,global,global
meta_383.txt,high,modeling,global,global
meta_384.txt,low,other,global,global
meta_385.txt,low,other,global,global
meta_386.txt,high,vaccine,global,global
meta_387.txt,medium,other,north america,mexico
meta_388.txt,medium,other,global,global
meta_389.txt,high,diagnostic,global,global
meta_39.txt,low,modeling,global,global
meta_390.txt,low,other,global,global
meta_391.txt,high,modeling,global,global
meta_392.txt,high,other,europe,italy
meta_393.txt,medium,modeling,global,global
meta_394.txt,medium,other,global,global
meta_395.txt,medium,other,global,global
meta_396.txt,medium,other,global,global
meta_397.txt,low,vaccine,global,global
meta_398.txt,medium,other,global,global
meta_399.txt,low,other,global,global
meta_4.txt,medium,other,global,global
meta_40.txt,low,modeling,global,global
meta_400.txt,low,other,global,global
meta_401.txt,low,vaccine,global,global
meta_402.txt,high,other,global,global
meta_403.txt,low,other,global,global
meta_404.txt,high,other,global,global
meta_405.txt,high,modeling,global,global
meta_406.txt,medium,modeling,australia,australia
meta_407.txt,medium,diagnostic,global,global
meta_408.txt,medium,other,global,global
meta_409.txt,low,other,global,global
meta_41.txt,medium,diagnostic,global,global
meta_410.txt,high,other,global,global
meta_411.txt,low,other,global,global
meta_412.txt,high,other,global,netherlands
meta_413.txt,medium,other,global,tunisia
meta_414.txt,medium,other,global,global
meta_415.txt,high,other,asia,china
meta_416.txt,medium,modeling,global,global
meta_417.txt,low,other,global,global
meta_418.txt,low,vaccine,global,global
meta_419.txt,high,modeling,global,global
meta_42.txt,low,other,global,global
meta_420.txt,low,other,global,global
meta_421.txt,medium,other,global,global
meta_422.txt,low,vaccine,global,global
meta_423.txt,medium,diagnostic,global,global
meta_424.txt,medium,vaccine,global,global
meta_425.txt,medium,other,global,global
meta_426.txt,low,other,global,global
meta_427.txt,medium,other,global,global
meta_428.txt,medium,modeling,global,global
meta_429.txt,medium,other,global,global
meta_43.txt,medium,other,global,global
meta_430.txt,low,other,global,global
meta_431.txt,low,other,global,global
meta_432.txt,high,diagnostic,global,global
meta_433.txt,high,diagnostic,global,global
meta_434.txt,medium,modeling,global,global
meta_435.txt,low,modeling,global,global
meta_436.txt,high,other,global,global
meta_437.txt,high,modeling,global,global
meta_438.txt,high,other,asia,india
meta_439.txt,low,modeling,global,global
meta_44.txt,low,diagnostic,global,global
meta_440.txt,low,other,global,global
meta_441.txt,medium,modeling,global,global
meta_442.txt,high,diagnostic,global,global
meta_443.txt,high,other,global,global
meta_444.txt,low,modeling,global,hong kong
meta_445.txt,medium,modeling,global,global
meta_446.txt,medium,diagnostic,global,global
meta_447.txt,medium,diagnostic,global,global
meta_448.txt,high,other,global,global
meta_449.txt,medium,other,global,global
meta_45.txt,high,other,asia,china
meta_450.txt,medium,other,europe,france
meta_451.txt,low,other,global,global
meta_452.txt,low,diagnostic,global,global
meta_453.txt,low,modeling,global,global
meta_454.txt,low,modeling,global,global
meta_455.txt,high,other,global,global
meta_456.txt,medium,other,global,global
meta_457.txt,high,modeling,asia,china
meta_458.txt,medium,vaccine,global,hong kong
meta_459.txt,medium,modeling,global,global
meta_46.txt,high,other,global,global
meta_460.txt,medium,modeling,north america,canada
meta_461.txt,high,modeling,global,global
meta_462.txt,high,other,global,global
meta_463.txt,medium,other,global,global
meta_464.txt,low,other,global,global
meta_465.txt,low,other,global,global
meta_466.txt,high,other,global,global
meta_467.txt,low,modeling,global,global
meta_468.txt,medium,modeling,global,global
meta_469.txt,high,other,global,global
meta_47.txt,low,other,global,global
meta_470.txt,high,vaccine,global,global
meta_471.txt,low,modeling,global,global
meta_472.txt,low,other,global,global
meta_473.txt,low,other,global,global
meta_474.txt,medium,modeling,global,global
meta_475.txt,medium,other,global,global
meta_476.txt,low,modeling,global,global
meta_477.txt,low,diagnostic,global,global
meta_478.txt,medium,modeling,global,global
meta_479.txt,low,modeling,global,global
meta_48.txt,high,other,global,global
meta_480.txt,medium,vaccine,global,global
meta_481.txt,low,other,global,global
meta_482.txt,high,other,global,global
meta_483.txt,low,other,global,global
meta_484.txt,medium,other,north america,mexico
meta_485.txt,high,other,global,global
meta_486.txt,high,diagnostic,north america,mexico
meta_487.txt,medium,vaccine,global,global
meta_488.txt,low,other,global,global
meta_489.txt,low,modeling,australia,australia
meta_49.txt,low,other,global,global
meta_490.txt,medium,other,global,global
meta_491.txt,high,other,global,global
meta_492.txt,low,diagnostic,global,global
meta_493.txt,high,other,global,pakistan
meta_494.txt,high,modeling,asia,china
meta_495.txt,high,modeling,global,global
meta_496.txt,low,other,global,global
meta_497.txt,high,other,south america,argentina
meta_498.txt,medium,other,global,global
meta_499.txt,low,diagnostic,global,global
meta_5.txt,low,other,global,global
meta_50.txt,low,modeling,global,global
meta_500.txt,high,diagnostic,global,global
meta_501.txt,low,other,global,global
meta_502.txt,medium,modeling,global,global
meta_503.txt,high,diagnostic,global,global
meta_504.txt,low,other,global,hong kong
meta_505.txt,high,modeling,global,global
meta_506.txt,low,other,global,global
meta_507.txt,low,modeling,global,global
meta_508.txt,medium,other,global,global
meta_509.txt,high,vaccine,global,global
meta_51.txt,low,other,global,global
meta_510.txt,medium,modeling,global,global
meta_511.txt,low,other,global,global
meta_512.txt,high,diagnostic,global,global
meta_513.txt,low,other,global,global
meta_514.txt,low,modeling,global,hong kong
meta_515.txt,high,modeling,global,global
meta_516.txt,medium,other,global,global
meta_517.txt,high,other,global,global
meta_518.txt,high,modeling,global,global
meta_519.txt,low,vaccine,global,global
meta_52.txt,low,other,global,global
meta_520.txt,high,other,global,global
meta_521.txt,high,modeling,north america,mexico
meta_522.txt,high,modeling,global,global
meta_523.txt,low,other,global,global
meta_524.txt,medium,modeling,global,global
meta_525.txt,low,other,global,global
meta_526.txt,medium,vaccine,global,global
meta_527.txt,high,other,global,global
meta_528.txt,high,modeling,asia,china
meta_529.txt,low,other,global,global
meta_53.txt,low,other,global,global
meta_530.txt,low,diagnostic,global,global
meta_531.txt,high,modeling,global,global
meta_532.txt,medium,other,global,global
meta_533.txt,high,other,global,global
meta_534.txt,high,other,global,global
meta_535.txt,low,vaccine,global,global
meta_536.txt,high,modeling,global,global
meta_537.txt,low,modeling,global,global
meta_538.txt,low,modeling,global,global
meta_539.txt,low,modeling,global,global
meta_54.txt,low,other,global,global
meta_540.txt,medium,other,global,global
meta_541.txt,low,other,global,global
meta_542.txt,medium,other,global,global
meta_543.txt,high,modeling,global,global
meta_544.txt,low,other,asia,china
meta_545.txt,low,vaccine,global,global
meta_546.txt,low,other,global,uganda
meta_547.txt,medium,other,global,global
meta_548.txt,medium,other,global,global
meta_549.txt,low,other,global,global
meta_55.txt,low,other,global,global
meta_550.txt,medium,other,global,global
meta_551.txt,medium,modeling,europe,italy
meta_552.txt,low,other,global,global
meta_553.txt,medium,modeling,global,global
meta_554.txt,high,other,global,global
meta_555.txt,low,diagnostic,global,global
meta_556.txt,medium,other,global,global
meta_557.txt,low,other,global,global
meta_558.txt,high,other,global,global
meta_559.txt,low,other,global,global
meta_56.txt,low,other,global,global
meta_560.txt,low,other,global,global
meta_561.txt,high,other,global,global
meta_562.txt,low,other,global,global
meta_563.txt,medium,modeling,global,global
meta_564.txt,low,other,global,global
meta_565.txt,medium,diagnostic,global,poland
meta_566.txt,low,other,global,global
meta_567.txt,medium,other,global,global
meta_568.txt,medium,vaccine,global,georgia
meta_569.txt,medium,other,global,global
meta_57.txt,high,other,global,global
meta_570.txt,low,diagnostic,global,global
meta_571.txt,low,other,global,global
meta_572.txt,medium,diagnostic,north america,canada
meta_573.txt,medium,other,north america,canada
meta_574.txt,medium,other,global,global
meta_575.txt,low,vaccine,global,global
meta_576.txt,medium,modeling,global,global
meta_577.txt,medium,other,global,global
meta_578.txt,medium,other,global,peru
meta_579.txt,high,other,global,global
meta_58.txt,medium,modeling,global,global
meta_580.txt,low,other,global,global
meta_581.txt,low,other,global,global
meta_582.txt,low,modeling,global,global
meta_583.txt,medium,other,global,global
meta_584.txt,medium,diagnostic,global,global
meta_585.txt,low,other,asia,china
meta_586.txt,high,modeling,global,global
meta_587.txt,high,other,global,global
meta_588.txt,low,other,global,global
meta_589.txt,high,other,global,global
meta_59.txt,medium,diagnostic,global,global
meta_590.txt,medium,other,asia,china
meta_591.txt,low,other,global,global
meta_592.txt,low,diagnostic,global,global
meta_593.txt,high,other,global,global
meta_594.txt,low,modeling,global,global
meta_595.txt,low,other,australia,australia
meta_596.txt,medium,diagnostic,global,global
meta_597.txt,low,other,global,global
meta_598.txt,low,modeling,global,global
meta_599.txt,medium,other,global,global
meta_6.txt,high,other,global,global
meta_60.txt,low,other,europe,germany
meta_600.txt,low,other,global,global
meta_601.txt,medium,other,global,global
meta_602.txt,low,diagnostic,global,rwanda
meta_603.txt,high,other,global,global
meta_604.txt,high,other,global,global
meta_605.txt,high,other,global,global
meta_606.txt,low,other,global,global
meta_607.txt,low,other,global,global
meta_608.txt,low,diagnostic,global,global
meta_609.txt,medium,modeling,global,global
meta_61.txt,high,other,global,global
meta_610.txt,medium,other,global,global
meta_611.txt,medium,modeling,global,global
meta_612.txt,low,diagnostic,global,global
meta_613.txt,low,other,global,global
meta_614.txt,low,modeling,global,global
meta_615.txt,low,other,global,global
meta_616.txt,medium,other,global,hungary
meta_617.txt,low,other,global,global
meta_618.txt,high,modeling,global,global
meta_619.txt,medium,vaccine,europe,italy
meta_62.txt,low,other,global,malaysia
meta_620.txt,low,modeling,global,global
meta_621.txt,high,other,global,global
meta_622.txt,low,modeling,global,global
meta_623.txt,low,modeling,global,global
meta_624.txt,low,other,global,global
meta_625.txt,high,other,global,global
meta_626.txt,high,other,global,global
meta_627.txt,high,other,global,global
meta_628.txt,low,other,global,haiti
meta_629.txt,low,modeling,asia,china
meta_63.txt,low,other,global,global
meta_630.txt,medium,vaccine,global,global
meta_631.txt,low,other,global,global
meta_632.txt,low,modeling,global,global
meta_633.txt,medium,other,global,global
meta_634.txt,high,other,europe,germany
meta_635.txt,medium,other,global,global
meta_636.txt,medium,diagnostic,global,global
meta_637.txt,low,modeling,global,global
meta_638.txt,medium,other,global,global
meta_639.txt,medium,modeling,global,global
meta_64.txt,high,modeling,global,global
meta_640.txt,low,other,asia,china
meta_641.txt,high,modeling,global,global
meta_642.txt,medium,other,global,global
meta_643.txt,medium,other,global,global
meta_644.txt,low,other,europe,germany
meta_645.txt,high,other,global,global
meta_646.txt,low,other,global,global
meta_647.txt,low,other,global,global
meta_648.txt,low,other,global,global
meta_649.txt,low,diagnostic,global,global
meta_65.txt,low,modeling,global,global
meta_650.txt,high,modeling,asia,china
meta_651.txt,high,other,global,global
meta_652.txt,medium,other,global,global
meta_653.txt,high,other,global,netherlands
meta_654.txt,low,other,global,global
meta_655.txt,medium,other,global,global
meta_656.txt,high,modeling,global,global
meta_657.txt,high,other,global,global
meta_658.txt,low,other,global,global
meta_659.txt,high,other,global,global
meta_66.txt,low,diagnostic,global,global
meta_660.txt,low,other,global,global
meta_661.txt,medium,other,global,global
meta_662.txt,low,other,global,global
meta_663.txt,high,other,global,global
meta_664.txt,low,other,global,global
meta_665.txt,low,vaccine,global,global
meta_666.txt,low,diagnostic,global,global
meta_667.txt,high,vaccine,global,global
meta_668.txt,medium,other,asia,china
meta_669.txt,medium,diagnostic,global,global
meta_67.txt,low,other,global,global
meta_670.txt,high,modeling,global,global
meta_671.txt,high,other,australia,australia
meta_672.txt,low,other,global,global
meta_673.txt,high,other,north america,canada
meta_674.txt,medium,other,global,global
meta_675.txt,medium,other,asia,china
meta_676.txt,medium,other,global,global
meta_677.txt,high,other,global,global
meta_678.txt,high,other,global,global
meta_679.txt,medium,diagnostic,global,global
meta_68.txt,medium,modeling,global,global
meta_680.txt,high,diagnostic,europe,italy
meta_681.txt,high,other,global,malaysia
meta_682.txt,low,other,north america,canada
meta_683.txt,low,other,global,global
meta_684.txt,high,other,global,belgium
meta_685.txt,low,other,global,global
meta_686.txt,medium,other,australia,australia
meta_687.txt,medium,modeling,global,global
meta_688.txt,medium,other,global,global
meta_689.txt,high,modeling,global,global
meta_69.txt,low,other,global,global
meta_690.txt,low,modeling,global,global
meta_691.txt,low,other,global,global
meta_692.txt,medium,other,global,global
meta_693.txt,low,other,global,global
meta_694.txt,high,other,global,global
meta_695.txt,low,other,global,global
meta_696.txt,high,diagnostic,global,global
meta_697.txt,low,other,global,global
meta_698.txt,low,modeling,global,global
meta_699.txt,low,modeling,global,global
meta_7.txt,low,other,global,belgium
meta_70.txt,high,other,global,global
meta_700.txt,high,other,global,global
meta_701.txt,low,other,global,global
meta_702.txt,medium,modeling,global,global
meta_703.txt,high,modeling,global,global
meta_704.txt,low,modeling,global,global
meta_705.txt,high,vaccine,global,global
meta_706.txt,high,other,global,global
meta_707.txt,low,modeling,global,global
meta_708.txt,high,modeling,global,global
meta_709.txt,low,other,global,global
meta_71.txt,high,other,global,global
meta_710.txt,low,other,global,global
meta_711.txt,medium,other,global,global
meta_712.txt,medium,modeling,global,global
meta_713.txt,high,modeling,global,global
meta_714.txt,low,other,global,global
meta_715.txt,medium,modeling,global,global
meta_716.txt,low,other,global,global
meta_717.txt,high,modeling,global,global
meta_718.txt,high,other,global,global
meta_719.txt,low,other,global,global
meta_72.txt,low,other,global,global
meta_720.txt,medium,other,global,global
meta_721.txt,medium,other,global,global
meta_722.txt,high,diagnostic,global,global
meta_723.txt,low,other,global,global
meta_724.txt,low,other,global,global
meta_725.txt,low,other,global,global
meta_726.txt,low,modeling,global,global
meta_727.txt,low,other,global,global
meta_728.txt,low,other,global,global
meta_729.txt,medium,other,global,global
meta_73.txt,low,diagnostic,global,global
meta_730.txt,medium,modeling,global,global
meta_731.txt,high,vaccine,global,global
meta_732.txt,high,other,global,global
meta_733.txt,low,other,global,global
meta_734.txt,high,other,global,global
meta_735.txt,low,other,asia,india
meta_736.txt,low,diagnostic,global,global
meta_737.txt,low,other,global,global
meta_738.txt,high,modeling,global,global
meta_739.txt,high,other,global,global
meta_74.txt,low,modeling,global,global
meta_740.txt,low,other,global,global
meta_741.txt,medium,modeling,global,global
meta_742.txt,medium,other,global,global
meta_743.txt,medium,other,global,guatemala
meta_744.txt,high,other,global,global
meta_745.txt,high,modeling,global,global
meta_746.txt,medium,modeling,global,global
meta_747.txt,high,other,global,global
meta_748.txt,low,other,global,global
meta_749.txt,low,modeling,global,global
meta_75.txt,low,other,global,global
meta_750.txt,high,modeling,global,global
meta_751.txt,low,diagnostic,global,global
meta_752.txt,low,other,global,global
meta_753.txt,low,other,global,global
meta_754.txt,medium,other,global,global
meta_755.txt,medium,vaccine,global,global
meta_756.txt,low,modeling,global,global
meta_757.txt,medium,modeling,global,global
meta_758.txt,low,other,global,global
meta_759.txt,high,modeling,global,cambodia
meta_76.txt,low,modeling,global,global
meta_760.txt,medium,other,global,global
meta_761.txt,low,other,global,global
meta_762.txt,low,other,global,global
meta_763.txt,low,other,global,global
meta_764.txt,medium,diagnostic,global,global
meta_765.txt,low,other,global,netherlands
meta_766.txt,medium,modeling,global,global
meta_767.txt,high,modeling,global,malaysia
meta_768.txt,medium,modeling,global,global
meta_769.txt,low,other,global,global
meta_77.txt,low,diagnostic,global,global
meta_770.txt,low,other,global,global
meta_771.txt,low,other,global,global
meta_772.txt,low,other,global,global
meta_773.txt,medium,other,global,global
meta_774.txt,medium,diagnostic,global,global
meta_775.txt,low,other,global,indonesia
meta_776.txt,low,other,global,global
meta_777.txt,medium,other,global,myanmar
meta_778.txt,medium,modeling,global,nicaragua
meta_779.txt,high,vaccine,global,global
meta_78.txt,medium,other,global,global
meta_780.txt,high,diagnostic,global,global
meta_781.txt,medium,other,global,global
meta_782.txt,low,other,global,global
meta_783.txt,low,other,global,global
meta_784.txt,medium,other,global,global
meta_785.txt,medium,diagnostic,global,global
meta_786.txt,high,modeling,global,global
meta_787.txt,medium,other,global,global
meta_788.txt,low,other,global,global
meta_789.txt,medium,modeling,global,global
meta_79.txt,high,diagnostic,global,global
meta_790.txt,medium,other,global,global
meta_791.txt,medium,other,global,global
meta_792.txt,medium,other,asia,china
meta_793.txt,medium,modeling,global,global
meta_794.txt,high,other,global,global
meta_795.txt,low,other,global,hong kong
meta_796.txt,high,other,global,global
meta_797.txt,high,other,asia,china
meta_798.txt,medium,other,asia,india
meta_799.txt,medium,other,global,global
meta_8.txt,low,other,global,global
meta_80.txt,medium,modeling,global,global
meta_800.txt,high,other,global,global
meta_801.txt,high,modeling,global,global
meta_802.txt,high,modeling,global,global
meta_803.txt,low,diagnostic,global,global
meta_804.txt,medium,vaccine,global,global
meta_805.txt,low,other,global,global
meta_806.txt,medium,vaccine,global,global
meta_807.txt,low,other,global,global
meta_808.txt,medium,other,global,global
meta_809.txt,low,other,global,global
meta_81.txt,medium,modeling,global,global
meta_810.txt,low,other,global,global
meta_811.txt,low,other,global,global
meta_812.txt,low,other,australia,new zealand
meta_813.txt,high,modeling,global,global
meta_814.txt,low,other,global,hong kong
meta_815.txt,low,modeling,global,global
meta_816.txt,high,other,global,global
meta_817.txt,medium,vaccine,global,global
meta_818.txt,low,other,global,global
meta_819.txt,medium,modeling,global,global
meta_82.txt,medium,modeling,global,global
meta_820.txt,low,other,global,global
meta_821.txt,medium,other,asia,china
meta_822.txt,high,other,global,global
meta_823.txt,high,other,global,global
meta_824.txt,high,modeling,global,global
meta_825.txt,medium,modeling,global,global
meta_826.txt,low,other,global,global
meta_827.txt,medium,other,global,global
meta_828.txt,low,other,global,global
meta_829.txt,medium,modeling,global,global
meta_83.txt,medium,other,global,global
meta_830.txt,medium,modeling,global,global
meta_831.txt,high,other,global,global
meta_832.txt,high,other,asia,china
meta_833.txt,low,modeling,global,global
meta_834.txt,high,other,global,portugal
meta_835.txt,low,other,global,global
meta_836.txt,medium,other,global,global
meta_837.txt,low,modeling,global,global
meta_838.txt,high,other,global,global
meta_839.txt,medium,vaccine,global,global
meta_84.txt,low,other,north america,canada
meta_840.txt,medium,diagnostic,global,global
meta_841.txt,low,other,global,global
meta_842.txt,low,diagnostic,global,global
meta_843.txt,low,diagnostic,global,global
meta_844.txt,medium,modeling,global,global
meta_845.txt,medium,other,asia,japan
meta_846.txt,low,other,australia,new zealand
meta_847.txt,medium,other,asia,china
meta_848.txt,medium,other,global,global
meta_849.txt,low,other,south america,brazil
meta_85.txt,medium,other,global,global
meta_850.txt,low,other,global,global
meta_851.txt,low,other,global,global
meta_852.txt,low,other,global,global
meta_853.txt,medium,vaccine,global,global
meta_854.txt,high,diagnostic,global,peru
meta_855.txt,medium,other,asia,china
meta_856.txt,high,other,global,cambodia
meta_857.txt,low,diagnostic,asia,japan
meta_858.txt,medium,other,global,singapore
meta_859.txt,high,other,global,global
meta_86.txt,low,other,global,global
meta_860.txt,low,modeling,global,global
meta_861.txt,high,vaccine,europe,spain
meta_862.txt,medium,other,global,global
meta_863.txt,high,other,global,indonesia
meta_864.txt,low,other,global,global
meta_865.txt,low,other,global,global
meta_866.txt,low,other,global,global
meta_867.txt,high,other,global,global
meta_868.txt,high,other,global,global
meta_869.txt,low,other,global,global
meta_87.txt,low,other,global,global
meta_870.txt,medium,other,global,global
meta_871.txt,low,other,global,global
meta_872.txt,medium,other,global,global
meta_873.txt,low,modeling,global,global
meta_874.txt,high,diagnostic,australia,australia
meta_875.txt,high,other,global,global
meta_876.txt,medium,other,global,global
meta_877.txt,low,other,asia,china
meta_878.txt,medium,other,asia,china
meta_879.txt,medium,other,global,global
meta_88.txt,high,diagnostic,global,global
meta_880.txt,low,other,global,global
meta_881.txt,high,other,global,global
meta_882.txt,low,other,global,global
meta_883.txt,high,diagnostic,south america,argentina
meta_884.txt,high,other,global,global
meta_885.txt,medium,other,global,global
meta_886.txt,high,diagnostic,global,global
meta_887.txt,medium,other,global,global
meta_888.txt,high,modeling,global,global
meta_889.txt,low,other,global,global
meta_89.txt,high,other,global,global
meta_890.txt,low,modeling,global,global
meta_891.txt,low,modeling,global,global
meta_892.txt,low,other,global,global
meta_893.txt,low,diagnostic,global,global
meta_894.txt,low,diagnostic,global,global
meta_895.txt,low,other,global,global
meta_896.txt,low,other,global,global
meta_897.txt,medium,modeling,global,global
meta_898.txt,medium,modeling,global,global
meta_899.txt,high,diagnostic,global,global
meta_9.txt,medium,diagnostic,global,global
meta_90.txt,high,modeling,global,global
meta_900.txt,low,modeling,global,global
meta_901.txt,medium,diagnostic,global,global
meta_902.txt,medium,other,global,global
meta_903.txt,high,other,global,global
meta_904.txt,low,other,global,global
meta_905.txt,high,other,asia,china
meta_906.txt,medium,other,global,global
meta_907.txt,medium,other,global,global
meta_908.txt,high,vaccine,global,global
meta_909.txt,medium,other,global,global
meta_91.txt,low,modeling,global,global
meta_910.txt,low,other,global,global
meta_911.txt,high,diagnostic,asia,japan
meta_912.txt,medium,modeling,global,global
meta_913.txt,low,modeling,global,global
meta_914.txt,medium,diagnostic,global,global
meta_915.txt,high,other,global,global
meta_916.txt,medium,diagnostic,global,global
meta_917.txt,low,other,global,global
meta_918.txt,high,diagnostic,global,global
meta_919.txt,medium,other,global,global
meta_92.txt,high,other,global,global
meta_920.txt,medium,other,europe,france
meta_921.txt,medium,other,global,global
meta_922.txt,low,other,global,global
meta_923.txt,low,modeling,global,global
meta_924.txt,high,modeling,global,global
meta_925.txt,medium,diagnostic,global,global
meta_926.txt,low,diagnostic,global,global
meta_927.txt,medium,other,europe,germany
meta_928.txt,low,other,global,global
meta_929.txt,high,other,global,global
meta_93.txt,medium,modeling,global,global
meta_930.txt,low,diagnostic,global,global
meta_931.txt,low,other,global,global
meta_932.txt,medium,diagnostic,global,global
meta_933.txt,high,other,global,global
meta_934.txt,low,other,asia,china
meta_935.txt,high,diagnostic,global,global
meta_936.txt,low,other,global,global
meta_937.txt,high,modeling,global,global
meta_938.txt,medium,vaccine,global,global
meta_939.txt,low,other,australia,australia
meta_94.txt,medium,other,global,global
meta_940.txt,high,other,asia,japan
meta_941.txt,medium,vaccine,australia,australia
meta_942.txt,low,other,global,global
meta_943.txt,low,other,global,global
meta_944.txt,low,modeling,global,global
meta_945.txt,high,other,global,global
meta_946.txt,low,vaccine,global,global
meta_947.txt,high,vaccine,asia,india
meta_948.txt,high,other,north america,mexico
meta_949.txt,medium,other,north america,mexico
meta_95.txt,medium,vaccine,global,global
meta_950.txt,low,other,global,global
meta_951.txt,high,other,global,global
meta_952.txt,low,diagnostic,global,global
meta_953.txt,low,other,global,global
meta_954.txt,low,vaccine,global,global
meta_955.txt,high,other,global,global
meta_956.txt,medium,other,global,global
meta_957.txt,high,vaccine,global,global
meta_958.txt,medium,other,global,global
meta_959.txt,low,other,asia,china
meta_96.txt,low,modeling,global,global
meta_960.txt,high,other,global,uganda
meta_961.txt,medium,diagnostic,global,global
meta_962.txt,low,diagnostic,global,global
meta_963.txt,low,diagnostic,global,global
meta_964.txt,low,vaccine,global,global
meta_965.txt,high,other,global,uganda
meta_966.txt,high,other,global,global
meta_967.txt,low,modeling,global,global
meta_968.txt,low,other,global,global
meta_969.txt,medium,other,global,global
meta_97.txt,medium,modeling,global,global
meta_970.txt,high,other,south america,argentina
meta_971.txt,high,other,global,global
meta_972.txt,medium,other,global,global
meta_973.txt,low,other,global,global
meta_974.txt,medium,other,global,global
meta_975.txt,high,modeling,global,global
meta_976.txt,medium,vaccine,global,global
meta_977.txt,high,other,global,global
meta_978.txt,high,other,global,global
meta_979.txt,medium,diagnostic,global,global
meta_98.txt,low,other,global,global
meta_980.txt,low,other,global,global
meta_981.txt,low,vaccine,global,global
meta_982.txt,low,other,europe,germany
meta_983.txt,medium,other,global,global
meta_984.txt,low,modeling,global,global
meta_985.txt,medium,other,global,global
meta_986.txt,medium,diagnostic,global,global
meta_987.txt,low,modeling,africa,south africa
meta_988.txt,low,other,global,global
meta_989.txt,low,other,global,global
meta_99.txt,low,other,global,global
meta_990.txt,high,other,global,global
meta_991.txt,high,diagnostic,global,global
meta_992.txt,medium,diagnostic,global,global
meta_993.txt,medium,modeling,global,global
meta_994.txt,high,other,global,global
meta_995.txt,low,diagnostic,global,global
meta_996.txt,medium,other,global,global
meta_997.txt,low,other,global,global
meta_998.txt,high,modeling,global,global
meta_999.txt,medium,other,africa,nigeria
myers_2022_ic_220022_1646251687.29375.txt,high,diagnostic,north america,united states
physiolgenomics_00089_2020 -- 99e4f251e15fc620fb2cd64971ebe020 -- Anna’s Archive.txt,high,modeling,asia,china
pokhrel-chhetri-2021-a-literature-review-on-impact-of-covid-19-pandemic-on-teaching-and-learning.txt,high,modeling,global,bhutan
qualitativepaper.txt,high,vaccine,global,pakistan
s10916-020-01645-z -- 89bf7fe814431095c86fba7b08eb0258 -- Anna’s Archive.txt,high,modeling,asia,china
s10943-020-01041-4 -- 4a4db04e4cfbd613dbb29fc25249d1a3 -- Anna’s Archive.txt,high,other,global,global
s11481-020-09974-z -- b9a0f2296b73ec8b57b35480f778d101 -- Anna’s Archive.txt,high,modeling,asia,china
s12528-021-09274-2.txt,high,modeling,global,libya
s41562-020-0884-z.txt,high,modeling,asia,china
s41576-021-00360-w.txt,high,modeling,asia,china
tabish-2020-covid-19-pandemic-emerging-perspectives-and-future-trends.txt,high,modeling,asia,india
tmi_13383 -- ceb67e687297b3afddb9aa4245477600 -- Anna’s Archive.txt,high,modeling,asia,china
w27418.txt,high,modeling,europe,united kingdom
